{
    "type": "FeatureCollection",
    "features": [
        {
            "type": "Feature",
            "properties": {
                "debugName": "Event tents"
            },
            "geometry": {
                "type": "MultiPolygon",
                "coordinates": [
                    [
                        [
                            [ -121.889186, 37.332088 ],
                            [ -121.889248, 37.332052 ],
                            [ -121.889149, 37.331916 ],
                            [ -121.889076, 37.331947 ]
                        ]
                    ],
                    [
                        [
                            [ -121.888981, 37.331673 ],
                            [ -121.889346, 37.331499 ],
                            [ -121.889236, 37.331356 ],
                            [ -121.888871, 37.331526 ]
                        ]
                    ],
                    [
                        [
                            [ -121.889707, 37.332203 ],
                            [ -121.889954, 37.332101 ],
                            [ -121.890053, 37.332234 ],
                            [ -121.889809, 37.332336 ]
                        ]
                    ],
                    [
                        [
                            [ -121.889589, 37.332041 ],
                            [ -121.889836, 37.331939 ],
                            [ -121.889935, 37.332072 ],
                            [ -121.889691, 37.332174 ]
                        ]
                    ],
                    [
                        [
                            [ -121.889825, 37.332363 ],
                            [ -121.890072, 37.332261 ],
                            [ -121.890171, 37.332394 ],
                            [ -121.889927, 37.332496 ]
                        ]
                    ],
                    [
                        [
                            [ -121.889973, 37.332988 ],
                            [ -121.890268, 37.332854 ],
                            [ -121.890380, 37.332999 ],
                            [ -121.890086, 37.333131 ]
                        ]
                    ],
                    [
                        [
                            [ -121.889890, 37.332771 ],
                            [ -121.890246, 37.332611 ],
                            [ -121.890310, 37.332691 ],
                            [ -121.889946, 37.332854 ]
                        ]
                    ]
                ]
            },
        },
        {
            "type": "Feature",
            "geometry": {
                "type": "Point",
                "coordinates": [ -121.889600, 37.331684 ]
            },
            "properties": {
                "name": "Entrance"
            }
        },
        {
            "type": "Feature",
            "geometry": {
                "type": "Point",
                "coordinates": [ -121.889996, 37.332373 ]
            },
            "properties": {
                "name": "Tacos"
            }
        },
        {
            "type": "Feature",
            "geometry": {
                "type": "Point",
                "coordinates": [ -121.889878, 37.332222 ]
            },
            "properties": {
                "name": "Burgers"
            }
        },
        {
            "type": "Feature",
            "geometry": {
                "type": "Point",
                "coordinates": [ -121.889760, 37.332055 ]
            },
            "properties": {
                "name": "Falafel"
            }
        },
        {
            "type": "Feature",
            "geometry": {
                "type": "Point",
                "coordinates": [ -121.889783, 37.332617 ]
            },
            "properties": {
                "name": "Lounge Area"
            }
        },
        {
            "type": "Feature",
            "geometry": {
                "type": "Point",
                "coordinates": [ -121.890093, 37.332724 ]
            },
            "properties": {
                "name": "Bar"
            }
        },
        {
            "type": "Feature",
            "geometry": {
                "type": "Point",
                "coordinates": [ -121.890170, 37.332990 ]
            },
            "properties": {
                "name": "Restrooms"
            }
        },
        {
            "type": "Feature",
            "geometry": {
                "type": "Point",
                "coordinates": [ -121.889089, 37.331512 ]
            },
            "properties": {
                "name": "Stage"
            }
        },
        {
            "type": "Feature",
            "geometry": {
                "type": "Point",
                "coordinates": [ -121.889266, 37.331943 ]
            },
            "properties": {
                "name": "Bar"
            }
        }
    ]
}
