{
    "delayResults" : 1,
    "results" : {
        "name" : "Mountain Lion",
        "uniqueID" : "mountain-lion",
        "shortDescription" : "Like almost all cats, the mountain lion is a solitary animal.",
        "conservationStatus" : "Least Concern",
        "kingdom" : "Animalia",
        "phylum" : "Chordata",
        "class" : "Mammalia",
        "order" : "Carnivora",
        "family" : "Felidae",
        "genus" : "Puma",
        "species" : "P. concolor",
        "description" : "Aliquam erat volutpat. Nunc pulvinar orci in laoreet blandit. Duis sed lacinia justo. Integer suscipit sodales nulla sed pretium. Praesent a imperdiet velit, at consequat ligula. Suspendisse potenti. Maecenas euismod elit tellus, vitae rhoncus risus dignissim vitae. Donec mattis pharetra dapibus. Donec sit amet justo ullamcorper, consequat arcu ac, fermentum nibh. Etiam dapibus dolor vel tristique gravida.\n\nUt feugiat venenatis sem, nec bibendum eros ultricies vitae. Interdum et malesuada fames ac ante ipsum primis in faucibus. Integer nunc enim, vestibulum vitae rutrum sit amet, interdum pellentesque quam. Aenean eleifend auctor sapien at commodo. Sed nec justo sagittis, vulputate risus ac, vulputate tellus. Mauris justo metus, commodo at vehicula vel, sodales vitae est. Quisque at lacinia nisi. Proin et sem dignissim, tincidunt erat eu, eleifend lorem. Phasellus rutrum, purus ut rhoncus adipiscing, lectus sem gravida erat, id euismod ante neque sit amet ligula. Suspendisse elementum, arcu sed accumsan varius, dui arcu venenatis purus, quis sagittis odio ipsum congue ante. Sed iaculis vulputate lacinia.\n\nNam tristique leo eget risus varius lacinia. Aenean feugiat felis et dolor euismod sodales non sed lectus. Sed ac erat magna. Cras sem sem, congue id sodales a, ultricies ac felis. Nunc quis rutrum dolor, ut sagittis turpis. Phasellus fringilla consectetur risus et gravida. Sed dapibus pharetra viverra.",
        "habitat" : "Lorem ipsum dolor sit amet, consectetur adipisicing elit, sed do eiusmod tempor incididunt ut labore et dolore magna aliqua. Ut enim ad minim veniam, quis nostrud exercitation ullamco laboris nisi ut aliquip ex ea commodo consequat. Duis aute irure dolor in reprehenderit in voluptate velit esse cillum dolore eu fugiat nulla pariatur. Excepteur sint occaecat cupidatat non proident, sunt in culpa qui officia deserunt mollit anim id est laborum."
        
    }
}