{
    "delayResults" : 1,
    "results" : {
        "name" : "Leopard",
        "uniqueID" : "leopard",
        "shortDescription" : "The leopard is the smallest of the four big cats.",
        "conservationStatus" : "Near Threatened",
        "kingdom" : "Animalia",
        "phylum" : "Chordata",
        "class" : "Mammalia",
        "order" : "Carnivora",
        "family" : "Felidae",
        "genus" : "Panthera",
        "species" : "P. pardus",
        "description" : "Vestibulum ante ipsum primis in faucibus orci luctus et ultrices posuere cubilia Curae; Nulla imperdiet, augue vel laoreet condimentum, turpis mauris imperdiet libero, a volutpat tellus leo nec elit. Donec vel dapibus mi. Pellentesque sed ipsum lobortis mi aliquam eleifend vitae nec mauris. Sed hendrerit faucibus erat, sit amet rutrum nulla. Nulla dictum cursus dui, imperdiet molestie enim. Nam imperdiet posuere quam eget molestie.\n\nSed non neque euismod, volutpat risus et, posuere ante. Integer euismod nibh mauris. Etiam eget mi interdum, fermentum massa sed, mollis dolor. In dapibus rutrum purus eu faucibus. Curabitur sollicitudin varius suscipit. Quisque condimentum commodo pulvinar. In libero nibh, iaculis nec urna eu, ornare mollis sapien. Vestibulum nec turpis nibh. Aliquam et velit at turpis auctor accumsan. Nunc gravida ultricies nunc a pretium. Integer pulvinar venenatis purus, id ornare risus imperdiet sit amet.\n\nVestibulum euismod, est ac dignissim volutpat, dui metus consequat ligula, vel rhoncus nulla diam vel nisl. Nullam feugiat elementum lacus, quis ultricies nulla bibendum a. In sed malesuada orci. Donec placerat risus lorem, sed feugiat odio dictum eu. Nulla dapibus condimentum facilisis. Duis nec nisi sapien. Sed a urna ut orci consequat consequat sed sit amet neque.",
        "habitat" : "Lorem ipsum dolor sit amet, consectetur adipisicing elit, sed do eiusmod tempor incididunt ut labore et dolore magna aliqua. Ut enim ad minim veniam, quis nostrud exercitation ullamco laboris nisi ut aliquip ex ea commodo consequat. Duis aute irure dolor in reprehenderit in voluptate velit esse cillum dolore eu fugiat nulla pariatur. Excepteur sint occaecat cupidatat non proident, sunt in culpa qui officia deserunt mollit anim id est laborum."
    }
}