{
    "delayResults" : 1,
    "results" : {
        "name" : "Jaguar",
        "uniqueID" : "jaguar",
        "shortDescription" : "Jaguars enjoy a nice swim from time to time.",
        "conservationStatus" : "Near Threatened",
        "kingdom" : "Animalia",
        "phylum" : "Chordata",
        "class" : "Mammalia",
        "order" : "Carnivora",
        "family" : "Felidae",
        "genus" : "Panthera",
        "species" : "P. onca",
        "description" : "Vivamus elementum diam suscipit, elementum justo et, rutrum nunc. Maecenas vel ligula nisl. Ut lacus urna, feugiat in accumsan quis, faucibus in nisl. Aenean pretium blandit dictum. Etiam non sapien congue, semper risus a, feugiat leo. Vestibulum consectetur euismod lorem. Praesent tristique porta nisi, tempus pellentesque turpis tincidunt vel. Nunc rhoncus a ante pellentesque ornare. Praesent hendrerit quis ipsum non consequat. Duis dignissim risus justo, a condimentum neque feugiat ut. Proin ac nulla a enim placerat eleifend. Quisque eget est diam. Nullam mollis quam vitae eleifend suscipit. Aliquam semper sit amet ante sit amet euismod.\n\nVestibulum dui lacus, mollis sollicitudin leo nec, imperdiet placerat ante. Quisque quis eleifend ante. Quisque vestibulum sem sed consectetur faucibus. Fusce nec semper nisl. Quisque varius fermentum vulputate. Aenean sit amet nulla feugiat, porta mauris et, semper mi. Nulla vitae posuere diam, sed porttitor dui. Proin vestibulum tellus ac dictum semper. Vestibulum ante ipsum primis in faucibus orci luctus et ultrices posuere cubilia Curae; Sed eget eleifend tellus. Sed molestie, orci vel ultrices ornare, felis augue tincidunt nisl, nec lacinia nulla orci eu turpis. Curabitur mollis justo dolor, eget accumsan tortor elementum at. Nulla molestie, augue sit amet gravida consequat, quam felis pulvinar ligula, at faucibus justo mauris at tellus. Etiam consequat, mi ut rutrum blandit, lectus lacus hendrerit purus, id interdum diam nisl eget lacus. Aliquam eget cursus justo, ut congue libero.\n\nCurabitur neque mauris, adipiscing aliquet erat sit amet, pharetra fringilla tortor. Suspendisse potenti. Nunc commodo, libero posuere eleifend porta, metus purus vulputate nulla, in fringilla libero ligula dignissim neque. In non justo sed ipsum ornare tempor quis quis urna. Nam sed ipsum lobortis, dapibus nisl ac, egestas massa. Mauris porta tortor a dui aliquam, non mattis est consectetur. Integer dolor ligula, tristique vel urna id, faucibus tempor elit. Vestibulum eget condimentum urna. Donec placerat, purus vel fringilla viverra, dui magna pellentesque mauris, vel rhoncus massa elit eu libero. Sed id tellus vulputate, euismod nibh vel, fringilla purus. Morbi id mi nec odio interdum luctus. Praesent convallis leo facilisis erat rutrum, ac imperdiet lectus placerat. Nam purus nunc, interdum eu ante in, egestas fringilla felis. In at orci sed erat vehicula fringilla.",
        "habitat" : "Lorem ipsum dolor sit amet, consectetur adipisicing elit, sed do eiusmod tempor incididunt ut labore et dolore magna aliqua. Ut enim ad minim veniam, quis nostrud exercitation ullamco laboris nisi ut aliquip ex ea commodo consequat. Duis aute irure dolor in reprehenderit in voluptate velit esse cillum dolore eu fugiat nulla pariatur. Excepteur sint occaecat cupidatat non proident, sunt in culpa qui officia deserunt mollit anim id est laborum."        
    }
}