{
    "delayResults" : 1,
    "results" : {
        "name" : "Geoffroy's Cat",
        "uniqueID" : "geoffroys-cat",
        "shortDescription" : "The Geoffroy's cat is a wild cat native to southern and central South America",
        "conservationStatus" : "Near Threatened",
        "kingdom" : "Animalia",
        "phylum" : "Chordata",
        "class" : "Mammalia",
        "order" : "Carnivora",
        "family" : "Felidae",
        "genus" : "Leopardus",
        "species" : "L. geoffroyi",
        "description" : "Mauris accumsan erat nec pellentesque fermentum. Proin bibendum ipsum eu mi viverra, ut lacinia tellus pretium. Vivamus fermentum ornare orci. Vivamus sagittis nec justo sit amet vehicula. Donec accumsan elit nulla, sed iaculis nisl adipiscing ultrices. Mauris ullamcorper posuere est, nec pellentesque nulla ultrices quis. Nam quis tempus ipsum, eget tincidunt elit. Cum sociis natoque penatibus et magnis dis parturient montes, nascetur ridiculus mus. Suspendisse faucibus congue placerat.\n\nPhasellus id dolor congue, tempus diam in, suscipit nibh. Nunc scelerisque ante vel sem pellentesque, eget elementum dolor commodo. Sed at quam interdum, blandit risus vel, rutrum sapien. Sed congue dignissim neque. Vestibulum ante ipsum primis in faucibus orci luctus et ultrices posuere cubilia Curae; Donec rutrum non est nec laoreet. In porta pulvinar odio. Duis a bibendum lorem. Mauris porttitor placerat eros.\n\nPellentesque porta tellus placerat, ornare nisi a, consectetur nibh. Quisque pellentesque, nisl ac porta pharetra, dolor neque varius sem, in venenatis nunc sem id justo. Fusce dictum, orci quis posuere laoreet, odio metus ultrices quam, a pulvinar lacus turpis et ante. Morbi feugiat purus nisl. Sed mattis enim justo, in varius ante euismod a. Morbi ac nisi a elit adipiscing laoreet. Etiam semper congue viverra. Nam dictum arcu quis luctus sagittis. Aenean aliquet sem sit amet ante aliquam, porttitor rhoncus lorem mattis. Maecenas lobortis eros molestie, accumsan nisi vel, hendrerit urna. Etiam vel odio sit amet arcu scelerisque molestie sed non purus. Praesent vel iaculis erat, eget laoreet lorem.",
        "habitat" : "Lorem ipsum dolor sit amet, consectetur adipisicing elit, sed do eiusmod tempor incididunt ut labore et dolore magna aliqua. Ut enim ad minim veniam, quis nostrud exercitation ullamco laboris nisi ut aliquip ex ea commodo consequat. Duis aute irure dolor in reprehenderit in voluptate velit esse cillum dolore eu fugiat nulla pariatur. Excepteur sint occaecat cupidatat non proident, sunt in culpa qui officia deserunt mollit anim id est laborum."
    }
}