{
    "delayResults" : 1,
    "results" : {
        "name" : "Ocelot",
        "uniqueID" : "ocelot",
        "shortDescription" : "The Ocelot is also known as the dwarf leopard.",
        "conservationStatus" : "Least Concern",
        "kingdom" : "Animalia",
        "phylum" : "Chordata",
        "class" : "Mammalia",
        "order" : "Carnivora",
        "family" : "Felidae",
        "genus" : "Leopardus",
        "species" : "L. pardalis",
        "description" : "Curabitur bibendum enim vitae nisl tempus dapibus. Quisque auctor sed purus at cursus. Proin malesuada orci arcu, at egestas velit sagittis a. Nam ligula dui, interdum quis justo sed, faucibus imperdiet mauris. Aliquam nec dolor vitae massa pharetra hendrerit. Vestibulum facilisis nibh eu viverra ullamcorper. Etiam nec lorem a massa condimentum scelerisque. Integer ultricies lectus non faucibus vulputate. Praesent accumsan vulputate magna, at accumsan dolor blandit nec. Nullam luctus fermentum sem, ac malesuada massa tincidunt in. Donec id dolor in neque vehicula dignissim.\n\nPraesent in est convallis, convallis leo at, fringilla massa. Nunc ac tellus sapien. Mauris adipiscing, metus nec fermentum ultrices, tellus metus mollis velit, nec mattis sem sem at magna. Proin rhoncus placerat sem, vel hendrerit ipsum consequat ut. Phasellus sodales enim tellus, non gravida nibh aliquam vel. Duis ante felis, consequat non rhoncus in, sodales auctor ipsum. Donec non tempor orci. Nullam a faucibus sem. Fusce lectus odio, sollicitudin tempus purus at, convallis convallis orci. Nullam sed malesuada felis. In at ornare ante. Aenean massa dui, fermentum et imperdiet id, volutpat a velit. Integer nisl tellus, sodales eget gravida vitae, hendrerit et elit. Curabitur facilisis nulla ut nisl placerat, a ultricies odio molestie.\n\nAenean nec risus non magna pharetra dictum sit amet vel sapien. Nulla dictum non mi ut lacinia. Aliquam cursus ullamcorper laoreet. In rutrum orci dui, adipiscing pellentesque arcu tincidunt quis. Sed at arcu vel risus aliquam tincidunt sit amet eget magna. Sed tincidunt, risus quis pharetra fermentum, erat tortor euismod justo, tempor euismod mi risus vitae orci. Cras suscipit hendrerit lectus id semper. Pellentesque habitant morbi tristique senectus et netus et malesuada fames ac turpis egestas. Cras adipiscing libero tristique arcu rutrum, quis fermentum orci scelerisque.",
        "habitat" : "Lorem ipsum dolor sit amet, consectetur adipisicing elit, sed do eiusmod tempor incididunt ut labore et dolore magna aliqua. Ut enim ad minim veniam, quis nostrud exercitation ullamco laboris nisi ut aliquip ex ea commodo consequat. Duis aute irure dolor in reprehenderit in voluptate velit esse cillum dolore eu fugiat nulla pariatur. Excepteur sint occaecat cupidatat non proident, sunt in culpa qui officia deserunt mollit anim id est laborum."
        
    }
}