{
    "delayResults" : 1,
    "results" : {
        "name" : "Snow Leopard",
        "uniqueID" : "snow-leopard",
        "shortDescription" : "Snow Leopards are cute and cuddly. Really.",
        "conservationStatus" : "Endangered",
        "kingdom" : "Animalia",
        "phylum" : "Chordata",
        "class" : "Mammalia",
        "order" : "Carnivora",
        "family" : "Felidae",
        "genus" : "Panthera",
        "species" : "P. uncia",
        "description" : "Donec lacinia, dui ut mollis eleifend, nulla tellus imperdiet mi, sed ullamcorper neque nisi vel magna. Aenean volutpat velit non pellentesque mattis. Maecenas sed elementum neque. Mauris dictum tellus at nulla hendrerit consectetur. Phasellus id ullamcorper erat. Aenean faucibus lectus lorem, in hendrerit nisi malesuada ut. Duis viverra semper sem, quis vestibulum sapien aliquet non. Duis ultricies tincidunt facilisis. Ut erat nunc, commodo sed ornare vitae, posuere non neque. Duis vel elementum mi. Interdum et malesuada fames ac ante ipsum primis in faucibus. Duis ornare porta interdum. In hac habitasse platea dictumst. Cras quis lacus venenatis, imperdiet tortor eget, scelerisque quam. Aenean viverra lectus erat.\n\nMauris sed nunc id libero fermentum consequat ac nec dui. Phasellus leo lectus, tincidunt id malesuada et, ullamcorper sit amet nulla. Nulla consectetur mauris vitae dignissim elementum. Phasellus dolor leo, facilisis ut velit vitae, pellentesque convallis lectus. Integer ut nunc non lorem viverra tempus at in mi. Nunc vel malesuada arcu. Duis rhoncus justo a augue placerat, nec pretium lacus luctus. Curabitur ultrices velit a ultrices porta. Duis dictum sagittis eleifend. Donec volutpat mattis egestas. Vestibulum ultrices tellus leo, eu ultrices felis ultricies et. Maecenas tincidunt sit amet risus et tincidunt. Nullam sed lacus pulvinar enim adipiscing auctor a eget neque. Nunc viverra sem justo, eu ullamcorper dui mattis quis. Aliquam eget varius risus.\n\nAliquam at dui convallis, tincidunt est eu, laoreet mi. Etiam nec nisl porttitor, volutpat sem sit amet, tempus nunc. Mauris ac justo iaculis, ultricies mi eget, tempus enim. Aliquam vel dolor at purus iaculis mattis quis ut tortor. Mauris tristique nulla quis malesuada imperdiet. Nulla vestibulum odio vel eros vestibulum, eleifend sodales turpis condimentum. Donec non nunc vel erat viverra vulputate. Lorem ipsum dolor sit amet, consectetur adipiscing elit. Maecenas sit amet dictum eros, at commodo quam. Sed dolor lectus, sollicitudin quis ultrices eget, vulputate vel velit. Nam vestibulum sodales commodo. Vivamus mattis diam eget aliquet bibendum. Duis porta magna quis nisl dignissim molestie.",
        "habitat" : "Lorem ipsum dolor sit amet, consectetur adipisicing elit, sed do eiusmod tempor incididunt ut labore et dolore magna aliqua. Ut enim ad minim veniam, quis nostrud exercitation ullamco laboris nisi ut aliquip ex ea commodo consequat. Duis aute irure dolor in reprehenderit in voluptate velit esse cillum dolore eu fugiat nulla pariatur. Excepteur sint occaecat cupidatat non proident, sunt in culpa qui officia deserunt mollit anim id est laborum."
        
    }
}