{
    "delayResults" : 1,
    "results" : {
        "name" : "Bobcat",
        "uniqueID" : "bobcat",
        "shortDescription" : "Bobcats live all over North America.",
        "conservationStatus" : "Least Concern",
        "kingdom" : "Animalia",
        "phylum" : "Chordata",
        "class" : "Mammalia",
        "order" : "Carnivora",
        "family" : "Felidae",
        "genus" : "Lynx",
        "species" : "L. rufus",
        "description" : "Vestibulum ultrices sapien id sem sodales, vel sollicitudin nulla auctor. Sed in feugiat odio. Quisque commodo vehicula adipiscing. Integer lectus erat, pulvinar quis tempor in, iaculis nec lorem. Praesent egestas tortor nec ipsum feugiat, et volutpat nunc hendrerit. Proin dapibus tortor sed neque semper pretium. Aliquam auctor ipsum eu orci lobortis convallis. Suspendisse velit augue, porttitor quis sagittis id, lobortis ac est. Donec sollicitudin nisi justo, at facilisis massa dictum sit amet. Morbi tincidunt quam et molestie egestas. Interdum et malesuada fames ac ante ipsum primis in faucibus. Vestibulum varius euismod eros, vitae suscipit erat. Donec mattis elit in nunc consectetur semper. Sed tincidunt ornare odio, pharetra sollicitudin nulla hendrerit eget.\n\nSuspendisse ut magna id magna consectetur scelerisque non ac nibh. Ut sollicitudin dolor vitae lacus iaculis eleifend. Etiam at fringilla nulla, id mattis nulla. In viverra at neque quis vestibulum. Fusce quam ipsum, commodo laoreet tempor ut, viverra nec nibh. Fusce velit lorem, tempus eget laoreet a, ultricies quis nisi. Mauris euismod pretium arcu eget suscipit. Aenean mollis, nisl at ornare condimentum, massa enim hendrerit massa, nec consectetur neque urna quis diam.\n\nNunc convallis commodo aliquet. Vivamus placerat facilisis porttitor. Cras pharetra, sapien eu adipiscing mattis, justo dolor consectetur lorem, tempor porttitor felis dui at nisi. Quisque non justo sed urna rutrum bibendum. Nam facilisis mauris eget velit interdum, vitae rutrum enim fermentum. In at tempus nulla. Quisque interdum dapibus mauris nec lacinia. Etiam porttitor turpis vitae iaculis laoreet. In imperdiet varius tempus. Integer fringilla urna orci, eget lacinia eros mattis id.",
        "habitat" : "Lorem ipsum dolor sit amet, consectetur adipisicing elit, sed do eiusmod tempor incididunt ut labore et dolore magna aliqua. Ut enim ad minim veniam, quis nostrud exercitation ullamco laboris nisi ut aliquip ex ea commodo consequat. Duis aute irure dolor in reprehenderit in voluptate velit esse cillum dolore eu fugiat nulla pariatur. Excepteur sint occaecat cupidatat non proident, sunt in culpa qui officia deserunt mollit anim id est laborum."
        
    }
}