{
  "images" : [
    {
      "size" : "60x45",
      "idiom" : "iphone",
      "filename" : "icon_60x45@2x.png",
      "scale" : "2x"
    },
    {
      "size" : "60x45",
      "idiom" : "iphone",
      "filename" : "icon_60x45@3x.png",
      "scale" : "3x"
    },
    {
      "size" : "67x50",
      "idiom" : "ipad",
      "filename" : "icon_67x50@2x.png",
      "scale" : "2x"
    },
    {
      "size" : "74x55",
      "idiom" : "ipad",
      "filename" : "icon_74x55@2x.png",
      "scale" : "2x"
    },
    {
      "size" : "27x20",
      "idiom" : "universal",
      "filename" : "icon_27x20@2x.png",
      "scale" : "2x",
      "platform" : "ios"
    },
    {
      "size" : "27x20",
      "idiom" : "universal",
      "filename" : "icon_27x20@3x.png",
      "scale" : "3x",
      "platform" : "ios"
    },
    {
      "size" : "32x24",
      "idiom" : "universal",
      "filename" : "icon_32x24@2x.png",
      "scale" : "2x",
      "platform" : "ios"
    },
    {
      "size" : "32x24",
      "idiom" : "universal",
      "filename" : "icon_32x24@3x.png",
      "scale" : "3x",
      "platform" : "ios"
    },
    {
      "size" : "1024x768",
      "idiom" : "ios-marketing",
      "filename" : "icon_1024x768.png",
      "scale" : "1x",
      "platform" : "ios"
    }
  ],
  "info" : {
    "version" : 1,
    "author" : "xcode"
  }
}