[
    {
        "modelName": "candle",
        "displayName": "Candle",
        "particleScaleInfo": {"flame": 0.018 }
    },
    {
        "modelName": "cup",
        "displayName": "Cup",
        "particleScaleInfo": { }
    },
    {
        "modelName": "vase",
        "displayName": "Vase",
        "particleScaleInfo": { }
    },
    {
        "modelName": "lamp",
        "displayName": "Lamp",
        "particleScaleInfo": { }
    },
    {
        "modelName": "chair",
        "displayName": "Chair",
        "particleScaleInfo": { }
    },
]
 
